address,value in hexadecimal and 24 character
0xf17f52151ebef6c7334fad080c5704d77216b701,0000021E19E0C9BAB2400000
0xf17f52151ebef6c7334fad080c5704d77216b702,0000021E19E0C9BAB2400000
0xf17f52151ebef6c7334fad080c5704d77216b703,0000021E19E0C9BAB2400000
0xf17f52151ebef6c7334fad080c5704d77216b704,0000021E19E0C9BAB2400000
0xf17f52151ebef6c7334fad080c5704d77216b705,0000021E19E0C9BAB2400000
0xf17f52151ebef6c7334fad080c5704d77216b706,0000021E19E0C9BAB2400000
0xf17f52151ebef6c7334fad080c5704d77216b707,0000021E19E0C9BAB2400000
0xf17f52151ebef6c7334fad080c5704d77216b708,0000021E19E0C9BAB2400000
0xf17f52151ebef6c7334fad080c5704d77216b709,0000021E19E0C9BAB2400000
0xf17f52151ebef6c7334fad080c5704d77216b761,0000021E19E0C9BAB2400000
0xf17f52151ebef6c7334fad080c5704d77216b711,0000021E19E0C9BAB2400000
0xf17f52151ebef6c7334fad080c5704d77216b712,0000021E19E0C9BAB2400000
0xf17f52151ebef6c7334fad080c5704d77216b713,0000021E19E0C9BAB2400000
0xf17f52151ebef6c7334fad080c5704d77216b714,0000021E19E0C9BAB2400000
0xf17f52151ebef6c7334fad080c5704d77216b715,0000021E19E0C9BAB2400000
0xf17f52151ebef6c7334fad080c5704d77216b716,0000021E19E0C9BAB2400000
0xf17f52151ebef6c7334fad080c5704d77216b717,0000021E19E0C9BAB2400000
0xf17f52151ebef6c7334fad080c5704d77216b718,0000021E19E0C9BAB2400000
0xf17f52151ebef6c7334fad080c5704d77216b719,0000021E19E0C9BAB2400000
0xf17f52151ebef6c7334fad080c5704d77216b762,0000021E19E0C9BAB2400000
0xf17f52151ebef6c7334fad080c5704d77216b721,0000021E19E0C9BAB2400000
0xf17f52151ebef6c7334fad080c5704d77216b722,0000021E19E0C9BAB2400000
0xf17f52151ebef6c7334fad080c5704d77216b723,0000021E19E0C9BAB2400000
0xf17f52151ebef6c7334fad080c5704d77216b724,0000021E19E0C9BAB2400000
0xf17f52151ebef6c7334fad080c5704d77216b725,0000021E19E0C9BAB2400000
0xf17f52151ebef6c7334fad080c5704d77216b726,0000021E19E0C9BAB2400000
0xf17f52151ebef6c7334fad080c5704d77216b727,0000021E19E0C9BAB2400000
0xf17f52151ebef6c7334fad080c5704d77216b728,0000021E19E0C9BAB2400000
0xf17f52151ebef6c7334fad080c5704d77216b729,0000021E19E0C9BAB2400000
0xf17f52151ebef6c7334fad080c5704d77216b763,0000021E19E0C9BAB2400000
0xf17f52151ebef6c7334fad080c5704d77216b731,0000021E19E0C9BAB2400000
0xf17f52151ebef6c7334fad080c5704d77216b732,0000021E19E0C9BAB2400000
0xf17f52151ebef6c7334fad080c5704d77216b733,0000021E19E0C9BAB2400000
0xf17f52151ebef6c7334fad080c5704d77216b734,0000021E19E0C9BAB2400000
0xf17f52151ebef6c7334fad080c5704d77216b735,0000021E19E0C9BAB2400000
0xf17f52151ebef6c7334fad080c5704d77216b736,0000021E19E0C9BAB2400000
0xf17f52151ebef6c7334fad080c5704d77216b737,0000021E19E0C9BAB2400000
0xf17f52151ebef6c7334fad080c5704d77216b738,0000021E19E0C9BAB2400000
0xf17f52151ebef6c7334fad080c5704d77216b739,0000021E19E0C9BAB2400000
0xf17f52151ebef6c7334fad080c5704d77216b764,0000021E19E0C9BAB2400000
0xf17f52151ebef6c7334fad080c5704d77216b741,0000021E19E0C9BAB2400000
0xf17f52151ebef6c7334fad080c5704d77216b742,0000021E19E0C9BAB2400000
0xf17f52151ebef6c7334fad080c5704d77216b743,0000021E19E0C9BAB2400000
0xf17f52151ebef6c7334fad080c5704d77216b744,0000021E19E0C9BAB2400000
0xf17f52151ebef6c7334fad080c5704d77216b745,0000021E19E0C9BAB2400000
0xf17f52151ebef6c7334fad080c5704d77216b746,0000021E19E0C9BAB2400000
0xf17f52151ebef6c7334fad080c5704d77216b747,0000021E19E0C9BAB2400000
0xf17f52151ebef6c7334fad080c5704d77216b748,0000021E19E0C9BAB2400000
0xf17f52151ebef6c7334fad080c5704d77216b749,0000021E19E0C9BAB2400000
0xf17f52151ebef6c7334fad080c5704d77216b766,0000021E19E0C9BAB2400000
0xf17f52151ebef6c7334fad080c5704d77216b767,0000021E19E0C9BAB2400000
0xf17f52151ebef6c7334fad080c5704d77216b768,0000021E19E0C9BAB2400000
0xf17f52151ebef6c7334fad080c5704d77216b769,0000021E19E0C9BAB2400000
0xf17f52151ebef6c7334fad080c5704d77216b771,0000021E19E0C9BAB2400000
0xf17f52151ebef6c7334fad080c5704d77216b772,0000021E19E0C9BAB2400000
0xf17f52151ebef6c7334fad080c5704d77216b773,0000021E19E0C9BAB2400000
0xf17f52151ebef6c7334fad080c5704d77216b774,0000021E19E0C9BAB2400000
0xf17f52151ebef6c7334fad080c5704d77216b775,0000021E19E0C9BAB2400000
0xf17f52151ebef6c7334fad080c5704d77216b776,0000021E19E0C9BAB2400000
0xf17f52151ebef6c7334fad080c5704d77216b778,00012A9432EE652085DC0000
